{"main":"designing-specification.raml","name":"designing specification","classifier":"raml","tags":[],"dependencies":[{"groupId":"68ef9520-24e9-4cf2-b2f5-620025690913","assetId":"training-american-flight-data-type","version":"1.0.1"},{"groupId":"68ef9520-24e9-4cf2-b2f5-620025690913","assetId":"training-american-flights-example","version":"1.0.1"}],"groupId":"d4449693-9817-4531-b149-28d7e1d5320e","assetId":"designing-specification","version":"1.0.1","apiVersion":"v1","originalFormatVersion":"1.0"}